{
  "collection": "semantic_embedding",
  "average_exact_match": 0.0,
  "average_bleu_score": 0.08142318333855263,
  "average_rouge_scores": {
    "rouge-1": {
      "precision": 0.24494601824766096,
      "recall": 0.41680638663202063,
      "f1": 0.26811343743359245
    },
    "rouge-2": {
      "precision": 0.10694679040459043,
      "recall": 0.22109365730055383,
      "f1": 0.12889939867413625
    },
    "rouge-L": {
      "precision": 0.22218235581871057,
      "recall": 0.35924359352235263,
      "f1": 0.23994432596710555
    }
  }
}